genre,1917,1918,1922,1923,1924,1925,1926,1927,1928,1929,1930,1931,1932,1933,1934,1935,1936,1937,1938,1939,1940,1941,1942,1943,1944,1945,1946,1947,1948,1949,1950,1951,1952,1953,1954,1955,1956,1957,1958,1959,1960,1961,1962,1963,1964,1965,1966,1967,1968,1969,1970,1971,1972,1973,1974,1975,1976,1977,1978,1979,1980,1981,1982,1983,1984,1985,1986,1987,1988,1989,1990,1991,1992,1993,1994,1995,1996,1997,1998,1999,2000,2001,2002,2003,2004,2005,2006,2007,2008,2009,2010,2011,2012,2013,2014,2015,2016,2017,2018,2019,2020,2021,2022,2023,2024,2025,2026
Action,0,0,0,0,0,0,0,0,1,2,0,3,0,5,1,3,4,1,1,1,1,1,2,0,0,1,0,0,0,0,0,1,1,0,0,0,0,0,0,0,0,0,1,4,4,8,3,6,11,9,1,5,6,6,6,7,15,12,17,22,17,18,27,33,29,30,45,40,42,56,46,56,51,48,53,50,61,56,67,74,54,64,84,84,94,81,97,109,121,106,122,153,150,152,168,187,198,200,233,223,207,235,248,286,286,110,9
Adult Cast,0,0,0,0,0,0,0,0,0,0,0,0,0,0,0,0,0,0,0,0,0,0,0,0,0,0,0,0,0,0,0,0,0,0,0,0,0,0,0,0,0,0,0,0,0,0,0,0,0,1,0,0,0,0,1,0,0,2,4,3,2,2,3,2,1,2,2,2,5,9,8,4,5,4,6,5,5,2,8,12,4,7,7,6,10,12,28,15,19,14,20,18,19,14,30,21,22,23,31,26,28,28,26,42,42,25,1
Adventure,0,0,0,0,0,0,2,1,0,1,2,3,1,4,4,3,2,0,0,0,0,2,0,1,0,0,0,0,1,0,1,0,1,0,0,0,0,0,2,2,1,0,2,7,6,10,8,12,7,11,5,6,9,10,9,11,15,11,23,33,28,30,31,30,30,29,37,35,37,49,51,46,52,38,48,52,59,69,57,86,59,84,81,86,84,75,99,91,80,89,92,90,93,92,111,124,145,162,151,155,140,133,161,190,202,68,2
Anthropomorphic,0,0,0,0,0,0,0,0,0,0,0,0,0,0,0,0,0,0,0,0,0,1,0,0,0,0,0,0,0,0,0,0,0,0,0,0,0,0,0,0,0,1,1,1,1,0,0,0,0,0,0,0,3,3,0,3,1,0,0,1,2,2,1,1,7,3,4,8,1,2,2,3,6,5,4,4,8,7,7,10,3,10,8,8,4,12,13,10,14,28,34,46,39,53,40,63,59,68,71,86,66,50,38,46,53,16,0
Avant Garde,0,0,0,0,0,0,0,0,0,0,0,0,1,0,0,3,0,0,0,0,0,0,0,0,0,0,0,0,0,0,0,0,0,0,0,0,0,0,0,0,3,1,1,6,7,1,2,3,2,3,2,11,5,4,5,8,0,2,2,3,3,2,7,4,8,14,6,14,9,9,9,2,4,4,8,8,3,5,9,13,10,8,22,23,17,28,22,21,19,27,35,42,34,36,40,45,43,41,34,58,28,39,38,36,39,2,0
Award Winning,0,0,0,0,0,0,0,0,0,0,0,0,0,0,0,0,0,0,0,0,0,0,0,0,0,0,0,0,0,0,0,0,0,0,0,0,0,0,0,0,1,0,0,1,1,1,1,1,1,0,3,1,1,1,2,1,1,1,0,2,1,0,2,1,1,1,1,2,2,1,2,2,2,2,2,4,2,4,11,4,7,4,10,5,9,8,6,5,7,5,7,9,9,10,8,9,6,3,11,7,6,12,7,7,3,0,0
Boys Love,0,0,0,0,0,0,0,0,0,0,0,0,0,0,0,0,0,0,0,0,0,0,0,0,0,0,0,0,0,0,0,0,0,0,0,0,0,0,0,0,0,0,0,0,0,0,0,0,0,0,0,0,0,0,0,0,0,0,0,0,0,1,1,1,0,0,0,1,0,2,1,0,2,0,6,3,4,1,1,1,2,1,3,0,4,7,6,7,7,2,8,3,5,2,7,2,8,5,10,5,11,10,3,14,11,5,0
CGDCT,0,0,0,0,0,0,0,0,0,0,0,0,0,0,0,0,0,0,0,0,0,0,0,0,0,0,0,0,0,0,0,0,0,0,0,0,0,0,0,0,0,0,0,0,0,0,0,0,0,0,0,0,0,0,0,0,0,0,0,0,0,0,0,0,0,0,0,0,0,0,0,0,0,0,0,0,0,0,0,0,0,1,1,1,0,1,2,8,6,8,8,10,12,19,10,15,15,20,17,22,10,11,15,4,8,3,0
Childcare,0,0,0,0,0,0,0,0,0,0,0,0,0,0,0,0,0,0,0,0,0,0,0,0,0,0,0,0,0,0,0,0,0,0,0,0,0,0,0,0,0,0,0,0,0,0,0,1,0,0,0,0,0,0,0,0,0,0,0,0,0,0,1,0,0,0,0,0,1,0,0,0,2,0,0,2,1,0,0,0,2,1,1,0,1,0,0,0,3,1,4,6,3,1,2,0,5,3,3,1,2,4,5,6,5,2,0
Combat Sports,0,0,0,0,0,0,0,0,0,0,0,1,0,0,0,0,0,0,0,0,1,0,0,0,0,0,0,0,0,0,0,0,0,0,0,0,0,0,0,0,0,0,0,0,0,0,0,0,1,2,4,0,0,0,1,0,0,1,0,0,3,2,0,1,3,3,4,0,1,1,5,2,4,1,4,0,2,1,0,0,1,2,1,4,3,0,2,2,1,2,2,1,0,4,1,0,3,1,4,1,1,2,0,2,2,0,0
Comedy,12,1,0,0,1,0,2,1,2,1,1,4,2,3,2,2,3,1,0,1,1,2,1,1,1,0,0,0,2,0,0,0,1,1,2,1,0,2,2,1,2,1,0,1,2,10,8,10,10,9,11,7,5,6,11,6,4,9,6,10,23,29,26,24,34,30,43,37,54,61,77,63,63,55,70,73,76,76,83,104,85,104,128,129,143,144,184,182,205,226,239,269,286,301,351,336,370,335,321,303,265,266,280,257,222,104,4
Crossdressing,0,0,0,0,0,0,0,0,0,0,0,0,0,0,0,0,0,0,0,0,0,0,0,0,0,0,0,0,0,0,0,0,0,0,0,0,0,0,0,0,0,0,0,0,0,0,0,1,0,0,0,0,0,0,0,0,0,0,0,1,1,0,0,1,0,0,0,0,0,0,1,1,1,1,1,1,0,0,0,0,0,1,0,0,0,0,4,2,0,2,4,4,2,1,5,2,2,2,1,2,0,2,2,2,4,2,0
Delinquents,0,0,0,0,0,0,0,0,0,0,0,0,0,0,0,0,0,0,0,0,0,0,0,0,0,0,0,0,0,0,0,0,0,0,0,0,0,0,0,0,0,0,0,0,0,0,0,0,0,1,0,0,0,0,0,0,0,0,0,0,0,0,0,0,0,0,0,2,1,3,3,4,5,6,2,1,2,2,0,1,1,0,0,0,3,0,0,1,0,0,3,2,0,4,0,0,0,2,1,1,1,1,3,7,3,1,0
Detective,0,0,0,0,0,0,0,0,0,0,0,0,0,0,0,0,0,0,0,0,0,0,0,0,0,0,0,0,0,0,0,0,0,0,0,0,0,0,0,0,0,0,0,0,0,0,0,0,1,0,0,0,0,0,0,0,0,0,0,0,0,0,1,1,5,3,1,0,2,4,4,5,1,2,4,3,7,5,4,8,6,3,9,7,7,7,13,6,12,5,5,12,8,9,12,11,11,5,11,17,10,10,8,16,8,5,1
Drama,4,3,0,0,0,1,0,1,2,0,1,0,0,1,0,0,0,0,1,1,1,0,0,0,0,0,0,1,1,0,1,0,0,0,0,0,1,0,1,0,0,2,0,6,5,1,1,3,4,8,8,7,2,2,4,3,7,12,22,24,19,23,24,15,14,19,29,36,35,32,30,45,44,36,37,40,40,41,51,47,52,71,69,69,92,98,92,89,61,57,53,68,76,64,72,75,90,98,118,94,86,122,78,98,77,31,1
Ecchi,0,0,0,0,0,0,0,0,0,0,0,0,0,0,0,0,0,0,0,0,0,0,0,0,0,0,0,0,0,0,0,0,0,0,0,0,0,0,0,0,0,0,0,1,0,0,0,0,0,0,0,0,0,1,0,0,0,0,0,0,1,2,0,0,0,2,2,6,4,8,6,10,11,2,7,8,10,12,12,12,6,12,15,21,25,28,18,25,34,40,41,50,45,30,41,46,33,29,25,25,18,12,8,12,13,5,0
Educational,0,0,1,1,0,0,1,0,0,0,0,1,0,1,0,0,0,0,0,0,0,0,0,0,0,0,0,0,0,0,0,0,0,0,0,0,0,0,0,0,0,0,0,0,0,0,0,0,0,0,0,1,1,0,0,0,0,0,2,1,0,2,0,3,3,3,4,5,3,3,4,4,7,5,4,4,3,6,4,3,6,4,1,7,3,4,7,8,7,9,12,6,9,8,9,7,6,9,10,3,7,8,13,6,9,1,0
Erotica,0,0,0,0,0,0,0,0,0,0,0,0,0,0,0,0,0,0,0,0,0,0,0,0,0,0,0,0,0,0,0,0,0,0,0,0,0,0,0,0,0,0,0,0,0,0,0,0,0,0,0,0,0,0,0,0,0,0,0,0,0,0,0,0,0,0,0,2,0,0,2,0,3,0,1,0,1,2,0,0,0,1,0,1,0,2,1,6,2,3,7,2,2,5,0,3,0,5,2,1,5,3,4,0,1,1,0
Fantasy,0,1,0,0,1,2,1,1,1,1,0,4,0,1,3,1,4,0,0,1,1,1,1,0,0,0,2,0,0,1,0,0,1,0,2,1,1,0,4,2,4,1,2,3,3,1,3,6,4,7,3,2,8,6,7,4,6,3,8,11,12,12,13,14,13,22,26,20,30,43,44,52,53,62,37,48,53,53,54,54,54,86,74,74,69,106,122,119,110,122,145,164,165,190,208,214,243,258,238,288,259,263,274,330,333,111,4
Gag Humor,0,0,0,0,0,0,0,0,0,0,0,0,0,0,0,0,0,0,0,0,0,0,0,0,0,0,0,0,0,0,0,0,0,0,0,0,0,0,0,0,0,0,0,0,0,0,0,0,0,0,0,1,0,0,0,1,0,0,0,0,0,4,2,2,3,2,1,1,2,0,4,2,2,3,5,2,1,1,3,7,2,3,3,4,4,4,7,6,12,6,6,12,12,11,7,13,14,7,13,6,6,10,8,7,9,6,0
Girls Love,0,0,0,0,0,0,0,0,0,0,0,0,0,0,0,0,0,0,0,0,0,0,0,0,0,0,0,0,0,0,0,0,0,0,0,0,0,0,0,0,0,0,0,0,0,0,0,0,0,0,0,0,0,0,0,0,0,0,0,0,0,0,0,0,0,1,0,0,0,0,0,1,0,0,4,2,1,1,0,2,0,2,0,3,7,0,6,3,5,8,4,4,5,1,5,9,0,2,6,5,3,3,1,7,5,2,0
Gore,0,0,0,0,0,0,0,0,0,0,0,0,0,0,0,0,0,0,0,0,0,0,0,0,0,0,0,0,0,0,0,0,0,0,0,0,0,0,0,0,0,0,0,0,0,0,0,0,0,0,0,0,0,0,0,0,0,0,0,0,0,0,0,0,1,0,5,5,2,4,5,1,3,1,5,2,3,3,1,2,4,1,4,4,6,7,8,10,5,6,5,7,11,7,12,6,15,13,16,10,8,7,11,16,6,4,1
Gourmet,0,0,0,0,0,0,0,0,0,0,0,0,0,0,0,0,0,0,0,0,0,0,0,0,0,0,0,0,0,0,0,0,0,0,0,0,0,0,1,0,0,0,0,0,0,0,0,0,0,0,0,0,0,0,0,0,0,0,0,0,0,0,0,0,0,0,0,1,1,3,0,3,2,1,0,0,0,1,0,1,1,2,2,0,1,2,5,4,2,6,4,7,7,6,6,8,13,19,18,8,5,12,11,9,20,4,0
Harem,0,0,0,0,0,0,0,0,0,0,0,0,0,0,0,0,0,0,0,0,0,0,0,0,0,0,0,0,0,0,0,0,0,0,0,0,0,0,0,0,0,0,0,0,0,0,0,0,0,0,0,0,0,0,0,0,0,0,0,0,0,0,0,0,0,0,0,0,0,0,1,0,0,1,1,3,2,3,2,6,2,9,6,12,12,18,14,14,18,24,20,30,29,24,27,30,14,17,16,15,14,12,17,19,11,7,0
Hentai,0,0,0,0,0,0,0,0,0,0,0,0,1,0,0,0,0,0,0,0,0,0,0,0,0,0,0,0,0,0,0,0,0,0,0,0,0,0,0,0,0,0,0,0,0,0,0,0,0,1,0,1,0,0,0,0,0,0,0,0,0,0,0,0,7,15,1,4,4,6,11,8,4,3,18,16,28,23,24,29,42,82,68,71,54,41,37,45,38,44,56,60,40,55,57,54,47,51,45,37,47,43,44,44,42,10,0
High Stakes Game,0,0,0,0,0,0,0,0,0,0,0,0,0,0,0,0,0,0,0,0,0,0,0,0,0,0,0,0,0,0,0,0,0,0,0,0,0,0,0,0,0,0,0,0,0,0,0,0,0,0,0,0,0,0,0,0,0,0,0,0,0,0,0,0,0,0,0,0,0,0,0,0,0,0,0,0,0,0,0,0,0,1,1,0,2,0,0,1,0,0,1,5,3,4,4,1,7,3,3,1,2,1,2,2,5,0,1
Historical,0,2,0,0,1,1,3,2,2,3,0,4,1,4,2,4,2,1,1,0,2,1,4,3,1,0,1,0,0,0,0,1,1,0,0,0,2,0,1,1,2,5,3,3,3,0,1,4,3,3,4,4,4,4,4,9,11,9,9,14,16,17,17,8,11,7,13,18,16,15,19,20,22,20,10,16,17,14,7,14,19,23,18,21,34,33,26,37,30,32,42,46,51,33,42,33,55,61,68,53,52,70,53,77,84,30,1
Horror,0,0,0,0,0,0,0,0,0,0,0,0,0,0,0,0,0,0,0,0,0,0,0,0,0,0,0,0,0,0,0,0,0,0,0,0,0,0,1,0,0,0,0,0,0,0,0,1,3,0,0,0,2,1,0,0,1,0,0,0,2,4,3,0,0,2,7,13,7,9,12,11,7,5,11,13,9,10,8,9,22,9,9,12,12,7,22,14,13,10,11,12,26,10,16,18,31,29,28,14,13,16,11,18,12,9,0
Idols (Female),0,0,0,0,0,0,0,0,0,0,0,0,0,0,0,0,0,0,0,0,0,0,0,0,0,0,0,0,0,0,0,0,0,0,0,0,0,0,0,0,0,0,0,0,0,0,0,0,0,0,0,0,0,0,0,0,0,0,0,0,0,0,0,1,1,1,0,1,0,1,1,0,0,1,0,1,0,0,2,1,0,3,0,0,0,0,2,2,1,2,3,5,11,12,20,20,14,15,22,27,21,34,47,29,26,3,0
Idols (Male),0,0,0,0,0,0,0,0,0,0,0,0,0,0,0,0,0,0,0,0,0,0,0,0,0,0,0,0,0,0,0,0,0,0,0,0,0,0,0,0,0,0,0,0,0,0,0,0,0,0,0,0,0,0,0,0,0,0,0,0,0,0,0,0,0,0,0,0,0,1,0,0,0,0,0,0,0,0,0,0,0,0,0,0,0,0,0,0,1,0,0,1,0,2,1,6,8,13,20,23,32,15,25,18,6,4,0
Isekai,0,0,0,0,0,0,0,0,0,0,0,0,0,0,0,0,0,0,0,0,0,0,0,0,0,0,0,0,0,0,0,0,0,0,0,0,0,0,0,0,0,0,0,0,0,0,0,0,0,0,0,0,0,0,0,0,0,0,0,0,0,0,1,1,0,1,1,0,3,0,3,2,0,0,1,2,5,4,2,5,4,2,5,2,4,7,5,5,4,1,0,4,8,4,5,7,12,14,16,18,20,37,36,47,45,23,2
Iyashikei,0,0,0,0,0,0,0,0,0,0,0,0,0,0,0,0,0,0,0,0,0,0,0,0,0,0,0,0,0,0,0,0,0,0,0,0,0,0,0,0,0,0,0,0,0,0,0,0,0,0,0,0,0,0,0,0,0,0,0,0,0,0,0,0,0,0,0,0,0,0,1,0,0,0,0,0,0,0,1,1,1,1,1,1,1,6,2,8,9,5,5,9,6,9,12,8,14,8,12,6,5,12,11,9,6,1,0
Josei,0,0,0,0,0,0,0,0,0,0,0,0,0,0,0,0,0,0,0,0,0,0,0,0,0,0,0,0,0,0,0,0,0,0,0,0,0,0,0,0,0,0,0,0,0,0,0,0,0,0,0,0,0,0,0,0,0,0,0,0,0,0,0,0,0,0,0,0,0,0,1,1,0,0,0,0,1,0,0,1,0,0,0,2,2,5,2,3,5,3,9,8,7,15,10,5,11,9,11,6,4,3,10,8,3,3,0
Kids,2,1,0,0,0,0,1,0,1,1,2,4,2,1,2,4,1,0,0,0,1,1,0,1,0,0,0,2,2,2,2,1,1,3,6,7,6,5,18,20,16,19,21,21,24,27,19,16,19,20,20,16,24,21,27,25,31,26,30,33,37,42,40,55,49,43,46,59,70,73,63,65,84,90,61,69,55,77,72,74,83,91,73,80,80,109,123,114,140,185,209,239,258,232,241,264,264,267,256,316,243,137,149,150,121,28,0
Love Polygon,0,0,0,0,0,0,0,0,0,0,0,0,0,0,0,0,0,0,0,0,0,0,0,0,0,0,0,0,0,0,0,0,0,0,0,0,0,0,0,0,0,0,0,0,0,0,0,0,0,0,0,0,0,0,0,0,0,0,0,0,0,0,0,0,1,1,0,0,0,0,1,0,1,2,0,1,3,1,0,0,2,1,3,2,1,3,8,1,8,1,1,2,7,8,6,2,3,5,5,4,3,0,2,2,4,3,0
Love Status Quo,0,0,0,0,0,0,0,0,0,0,0,0,0,0,0,0,0,0,0,0,0,0,0,0,0,0,0,0,0,0,0,0,0,0,0,0,0,0,0,0,0,0,0,0,0,0,0,0,0,0,0,0,0,0,0,0,0,0,0,0,0,0,0,0,0,0,0,0,0,0,0,0,0,0,0,0,0,0,0,0,0,0,0,0,0,0,0,0,0,0,1,1,0,0,1,1,3,0,3,3,1,5,6,7,4,3,0
Magical Sex Shift,0,0,0,0,0,0,0,0,0,0,0,0,0,0,0,0,0,0,0,0,0,0,0,0,0,0,0,0,0,0,0,0,0,0,0,0,0,0,0,0,0,0,0,0,0,0,0,0,0,0,0,0,0,0,0,0,0,0,0,0,0,0,0,0,0,0,0,0,0,1,0,1,1,1,1,0,1,1,2,1,0,0,1,1,0,0,2,1,1,1,0,1,0,0,0,1,0,0,2,1,0,0,2,3,1,0,0
Mahou Shoujo,0,0,0,0,0,0,0,0,0,0,0,0,0,0,0,0,0,0,0,0,0,0,0,0,0,0,0,0,0,0,0,0,0,0,0,0,0,0,0,0,0,0,0,0,0,0,0,0,0,1,0,0,1,0,1,0,0,0,0,0,2,0,1,1,2,4,4,2,1,1,2,1,2,5,5,9,4,5,3,3,1,4,5,3,7,10,10,8,7,6,9,13,11,14,11,12,16,17,14,10,6,18,9,13,16,4,0
Martial Arts,0,0,0,0,0,0,0,0,0,0,0,0,0,0,0,0,0,0,0,0,0,0,0,0,0,0,0,0,0,0,0,0,0,0,0,0,0,0,0,0,0,0,0,0,0,0,0,1,2,3,0,1,0,1,0,0,1,0,0,0,0,2,3,2,2,1,5,6,6,10,7,7,7,10,14,11,10,5,3,6,4,4,5,7,10,6,14,15,16,17,9,14,8,5,15,14,15,20,30,25,29,39,56,67,60,12,0
Mecha,0,0,0,0,0,0,0,0,0,0,0,0,0,0,0,0,0,0,0,0,0,0,0,0,0,0,0,0,0,0,0,0,0,0,0,0,0,0,0,0,0,0,0,2,2,0,0,0,1,1,0,0,3,2,4,8,13,11,8,5,6,12,21,20,17,21,16,21,21,18,19,16,18,15,17,19,22,18,24,34,22,27,30,24,38,31,28,38,21,24,34,26,29,38,45,39,39,37,44,47,30,40,24,30,17,7,2
Medical,0,0,0,0,0,0,0,0,0,0,0,0,0,0,0,0,0,0,0,0,0,0,0,0,0,0,0,0,0,0,0,0,0,0,0,0,0,0,0,0,0,0,0,0,0,0,0,0,0,0,0,0,0,0,0,0,0,0,0,0,0,0,0,0,0,0,1,0,0,0,0,0,0,1,0,0,1,0,0,2,2,1,0,1,2,3,3,0,0,1,2,0,0,0,0,3,2,2,3,1,3,5,0,4,4,4,0
Military,0,0,0,0,0,0,0,0,2,0,1,1,2,2,1,0,2,0,0,0,1,0,3,2,1,1,0,0,0,0,0,0,0,0,0,0,0,0,0,0,0,0,0,0,1,0,0,1,2,0,0,1,0,0,1,0,0,3,2,4,4,3,7,6,1,7,7,7,9,5,2,5,7,9,9,5,6,8,10,8,8,10,18,12,21,21,25,19,18,16,23,18,25,21,16,27,27,29,34,33,22,29,19,8,16,8,0
Music,0,0,0,0,0,0,0,0,0,0,1,2,0,0,0,0,1,0,0,0,0,1,0,0,0,0,0,1,1,0,1,0,0,0,0,0,0,0,0,0,0,15,15,16,15,13,15,12,17,13,15,14,15,12,13,10,14,14,17,14,16,12,16,20,27,23,24,33,26,27,28,19,25,27,31,33,18,23,28,28,28,33,45,45,42,40,53,57,64,88,94,137,152,159,162,165,197,232,209,272,325,398,422,330,258,37,0
Mystery,0,0,0,0,0,0,0,0,0,0,0,0,1,0,0,0,0,0,0,0,0,0,0,0,0,0,0,0,0,0,0,0,0,0,0,0,0,0,0,0,0,0,0,0,2,0,1,1,1,0,0,0,0,0,0,1,0,3,2,3,0,2,0,2,3,4,4,11,4,7,6,11,7,7,5,8,10,8,10,13,16,13,19,19,19,17,30,27,28,25,21,29,33,24,32,31,44,40,34,49,37,44,38,41,32,27,1
Mythology,0,1,0,0,0,0,0,0,0,1,0,0,0,0,0,0,1,0,0,0,0,0,0,0,0,0,0,0,0,0,0,0,0,0,0,0,2,0,1,0,1,0,0,0,1,0,0,0,3,1,0,2,3,2,0,1,1,0,1,4,1,1,0,0,0,2,5,7,6,11,9,8,12,4,9,10,8,5,4,9,13,12,12,10,8,13,17,7,13,11,15,17,12,21,16,22,18,29,46,27,33,33,23,25,25,8,0
Organized Crime,0,0,0,0,0,0,0,0,0,0,0,0,0,0,0,0,0,0,0,0,0,0,0,0,0,0,0,0,0,0,0,0,0,0,0,0,0,0,0,0,0,0,0,0,0,0,0,0,0,0,0,0,0,0,0,0,0,0,0,0,0,0,0,1,0,0,0,0,2,1,2,3,5,5,1,0,1,0,1,0,0,1,2,3,2,1,2,2,2,2,1,0,3,1,0,2,5,2,5,1,4,4,6,12,8,3,0
Otaku Culture,0,0,0,0,0,0,0,0,0,0,0,0,0,0,0,0,0,0,0,0,0,0,0,0,0,0,0,0,0,0,0,0,0,0,0,0,0,0,0,0,0,0,0,0,0,0,0,0,0,0,0,0,0,0,0,0,0,0,0,0,0,1,0,0,0,0,0,0,0,0,0,1,0,0,0,0,0,0,0,0,0,2,2,2,3,1,2,3,3,1,4,4,3,8,7,6,6,8,5,6,5,1,2,5,4,2,0
Parody,0,0,0,0,0,0,0,0,0,0,0,0,0,0,0,0,0,0,0,0,0,0,0,0,0,0,0,0,0,0,0,0,0,0,0,0,0,0,2,0,0,0,0,0,1,0,0,0,1,0,1,0,0,0,0,0,0,1,0,1,1,1,2,2,4,4,4,4,3,8,9,6,1,9,9,4,4,4,5,5,7,3,9,6,11,12,14,24,37,28,27,27,36,53,42,54,47,67,68,28,17,14,11,10,15,9,0
Performing Arts,0,0,0,0,0,0,0,0,0,0,0,0,0,0,0,0,0,0,0,0,0,0,0,0,0,0,0,0,0,0,0,0,0,0,0,0,0,0,0,0,0,0,0,0,0,0,0,0,0,0,0,0,0,0,0,0,0,0,0,0,0,0,0,0,1,1,0,0,1,0,1,1,1,0,0,0,0,2,1,1,2,1,3,3,2,2,4,3,0,1,0,3,2,2,6,6,9,10,7,8,8,7,8,7,3,3,0
Pets,0,0,0,0,0,0,0,0,0,0,0,0,0,0,0,0,0,0,0,0,0,0,0,0,0,0,0,0,0,0,0,0,0,0,0,0,0,0,0,0,0,0,0,0,0,0,0,0,0,0,0,0,1,0,0,1,0,1,0,0,0,2,0,0,1,1,0,0,4,0,1,3,6,2,0,0,1,3,0,3,4,4,2,1,2,0,2,1,1,4,3,0,3,3,1,6,5,7,5,3,5,5,6,11,9,3,0
Psychological,0,0,0,0,0,0,0,0,0,0,0,0,0,0,0,0,0,0,0,0,0,0,0,0,0,0,0,0,0,0,0,0,0,0,0,0,0,0,0,0,0,0,0,1,0,0,0,0,0,0,1,1,0,1,1,0,2,0,0,0,0,0,0,0,1,0,0,3,2,3,5,3,3,2,4,3,2,7,6,6,9,6,9,9,20,12,11,10,14,9,10,11,18,17,19,18,19,21,22,17,18,24,20,12,11,6,1
Racing,1,0,0,0,0,0,0,0,0,0,0,0,0,0,1,0,0,0,0,0,0,0,0,0,0,0,0,0,0,0,0,0,0,0,0,0,0,0,0,0,0,0,0,0,0,0,0,1,0,0,0,1,0,0,0,0,1,4,0,0,1,0,0,0,3,1,1,2,2,3,3,2,4,1,1,0,4,3,3,1,5,2,4,4,4,4,4,9,5,4,5,7,9,4,10,15,15,14,16,16,10,11,12,12,10,2,1
Reincarnation,0,0,0,0,0,0,0,0,0,0,0,0,0,0,0,0,0,0,0,0,0,0,0,0,0,0,0,0,0,0,0,0,0,0,0,0,0,0,0,0,0,0,0,0,0,0,0,0,0,0,0,0,0,0,0,0,0,0,0,0,0,0,0,0,0,0,0,0,0,0,0,0,0,0,0,0,0,0,1,1,2,0,2,0,1,0,1,0,0,0,3,0,0,1,0,1,0,5,4,5,6,15,12,25,23,9,3
Reverse Harem,0,0,0,0,0,0,0,0,0,0,0,0,0,0,0,0,0,0,0,0,0,0,0,0,0,0,0,0,0,0,0,0,0,0,0,0,0,0,0,0,0,0,0,0,0,0,0,0,0,0,0,0,0,0,0,0,0,0,0,0,0,0,0,0,0,0,0,0,0,0,1,0,0,0,0,0,0,0,0,0,0,1,0,0,2,0,6,5,2,3,1,3,4,7,6,5,7,4,6,2,2,2,2,3,0,1,0
Romance,0,0,0,0,0,0,1,0,0,0,0,1,0,0,1,0,0,0,0,0,0,0,0,0,0,0,0,0,0,0,0,0,0,0,0,0,0,0,1,0,1,0,0,1,2,1,0,1,0,0,1,0,1,2,0,3,3,1,7,4,5,4,7,12,16,15,22,11,12,15,15,14,26,23,22,24,23,17,22,27,24,40,46,46,50,63,73,66,60,60,48,54,80,71,83,64,70,77,88,60,64,76,62,92,73,54,1
Samurai,1,0,0,0,0,0,0,0,0,0,1,0,1,1,0,2,1,0,1,0,0,0,0,0,0,0,0,0,0,0,0,0,0,0,0,0,0,0,0,0,0,1,0,1,2,0,0,0,1,2,0,1,0,0,1,0,2,0,0,0,0,0,1,0,0,0,0,1,2,5,3,2,2,3,1,0,1,6,2,5,6,3,3,4,12,5,7,6,5,6,12,12,7,7,7,7,10,12,12,8,2,4,6,6,10,2,1
School,0,0,0,0,0,0,0,0,0,0,0,0,0,0,0,0,0,0,0,0,0,0,0,0,0,0,0,0,0,0,0,0,0,0,0,0,0,0,0,0,0,0,0,0,0,1,1,0,1,1,0,4,0,3,0,0,1,1,2,2,0,5,3,8,5,7,5,12,7,8,11,16,11,12,14,10,11,11,12,16,16,19,25,20,35,33,45,63,64,60,60,80,103,114,117,122,123,121,92,102,75,69,69,78,75,47,1
Sci-Fi,0,0,0,0,0,0,0,0,0,0,0,0,0,1,0,0,0,0,0,0,0,0,0,0,0,0,0,0,0,0,0,0,0,0,0,0,0,0,0,0,0,1,0,3,3,10,5,5,5,3,1,2,4,7,9,7,13,13,20,26,23,30,33,30,32,39,40,44,37,42,39,36,39,35,43,38,41,35,65,72,53,73,92,86,83,70,75,75,73,78,78,84,96,83,103,92,125,123,108,131,95,100,94,105,92,37,4
Seinen,0,0,0,0,0,0,0,0,0,0,0,0,0,0,0,0,0,0,0,0,0,0,0,0,0,0,0,0,0,0,0,0,0,0,0,0,0,0,0,0,0,0,0,0,0,0,0,0,0,1,0,0,0,0,0,0,2,1,3,1,0,6,3,2,2,3,7,6,11,16,13,20,19,12,8,10,8,9,10,14,8,10,19,20,20,24,25,29,27,37,42,35,48,41,43,52,46,33,50,32,23,22,32,37,24,31,3
Shoujo,0,0,0,0,0,0,0,0,0,0,0,0,0,0,0,0,0,0,0,0,0,0,0,0,0,0,0,0,0,0,0,0,0,0,0,0,0,0,0,0,0,0,0,0,0,0,0,1,1,2,3,3,2,1,0,0,1,0,4,2,2,3,4,3,4,2,7,6,9,13,16,13,17,13,9,17,11,8,8,6,8,11,7,3,11,11,20,14,13,9,9,11,15,15,21,12,22,8,12,7,5,8,8,11,10,8,0
Shounen,0,0,0,0,0,0,0,0,0,0,0,0,0,0,0,0,0,0,0,0,0,0,0,0,0,0,0,0,0,0,0,0,0,0,0,0,0,0,0,0,0,0,0,2,5,2,4,2,7,5,4,2,3,7,4,1,2,1,1,4,9,15,10,15,14,15,20,17,16,22,17,23,16,24,29,18,33,28,30,28,29,35,40,55,49,50,42,44,58,45,55,67,61,56,67,69,82,68,59,59,43,66,72,72,84,48,5
Showbiz,0,0,0,0,0,0,0,0,0,0,0,0,0,0,0,0,0,0,0,0,0,0,0,0,0,0,0,0,0,0,0,0,0,0,0,0,0,0,0,0,0,0,0,0,0,0,0,0,0,0,0,0,0,0,0,0,0,0,0,0,0,0,0,0,0,0,0,0,0,2,0,0,1,0,0,2,1,0,2,2,1,0,2,1,1,2,4,0,3,0,1,1,0,0,2,1,3,0,2,0,3,3,3,1,3,0,1
Slice of Life,0,0,0,0,0,1,0,0,0,0,0,0,0,1,0,0,0,0,0,0,0,0,0,0,0,0,0,0,0,0,0,0,0,0,0,0,0,0,0,0,0,0,3,0,1,2,3,1,2,5,3,2,2,0,2,3,5,2,2,1,7,9,11,3,5,7,6,8,7,4,13,8,16,11,12,11,13,7,9,9,6,23,23,12,13,22,30,31,30,40,39,44,78,76,94,101,93,100,105,77,80,97,71,56,43,17,0
Space,0,0,0,0,0,0,0,0,0,0,0,0,0,0,0,0,0,0,0,0,0,0,0,0,0,0,0,0,0,0,0,0,0,0,0,0,0,0,0,0,0,0,0,0,0,2,0,0,0,0,0,0,0,0,1,2,0,3,9,10,16,9,16,9,5,12,13,12,10,9,4,6,7,7,14,10,11,7,15,15,12,14,21,8,15,16,12,16,8,16,15,11,13,15,22,16,21,17,18,21,5,17,25,22,11,3,0
Sports,0,0,0,0,0,0,0,0,1,0,2,1,2,0,1,0,1,0,0,1,1,0,0,0,0,0,0,0,0,2,0,0,0,0,0,0,0,0,0,0,0,0,0,0,0,0,0,0,2,6,13,3,1,3,1,0,1,5,2,7,7,5,5,10,9,9,14,9,11,8,8,8,8,8,18,7,10,7,5,2,5,10,14,12,9,13,7,21,12,18,20,20,21,28,27,23,47,31,34,29,22,28,29,19,27,11,0
Strategy Game,0,0,0,0,0,0,0,0,0,0,0,0,0,0,0,0,0,0,0,0,0,0,0,0,0,0,0,0,0,0,0,0,0,0,0,0,0,0,0,0,0,0,0,0,0,0,0,0,0,0,0,0,0,0,0,0,0,0,0,1,0,0,0,0,0,0,0,0,1,0,2,1,1,1,0,1,0,0,2,4,3,5,6,2,6,7,6,7,8,5,11,13,14,12,23,9,27,32,23,23,14,13,16,6,14,3,0
Super Power,0,0,0,0,0,0,0,0,0,0,0,0,0,0,0,0,0,0,0,0,0,0,0,0,0,0,0,0,0,0,0,0,0,0,0,0,0,0,0,0,0,0,0,0,0,2,0,1,1,0,0,1,0,1,0,0,0,1,1,4,1,0,0,4,5,2,7,9,5,12,5,8,2,3,5,4,13,5,6,10,7,7,9,17,12,19,13,22,21,28,31,33,30,21,30,30,28,32,45,29,18,22,22,21,18,9,0
Supernatural,0,0,0,0,0,1,0,0,0,1,0,0,0,3,0,3,0,0,0,0,0,0,0,0,0,0,0,0,0,0,0,0,0,0,1,1,1,0,2,0,0,0,0,0,0,1,0,1,1,0,0,2,4,2,1,1,3,1,2,4,3,3,2,2,0,6,4,9,12,11,14,13,11,9,16,7,14,11,19,16,23,15,22,26,29,35,38,34,46,37,54,64,56,45,66,67,64,63,66,63,55,72,50,62,58,31,1
Survival,0,0,0,0,0,0,0,0,0,0,0,0,0,0,0,0,0,0,0,0,0,0,0,0,0,0,0,0,0,0,0,0,0,0,0,0,0,0,0,0,0,0,0,0,0,0,0,0,0,0,0,0,0,0,0,0,0,0,0,0,0,0,0,0,0,0,0,0,0,0,0,0,0,0,0,0,0,0,0,1,0,0,0,1,2,0,0,1,0,1,3,3,1,5,4,1,9,6,3,8,5,7,2,3,1,1,0
Suspense,0,0,0,0,0,0,0,0,0,0,0,0,0,0,0,0,0,0,0,0,0,0,0,0,0,0,0,0,0,0,0,0,0,0,0,0,0,0,0,0,0,0,0,0,0,0,0,0,0,0,0,0,0,0,0,1,0,0,0,0,0,0,0,0,0,0,1,0,0,1,2,2,2,1,1,3,2,4,3,3,4,2,8,6,10,5,10,10,14,12,11,13,16,13,22,15,24,24,23,22,23,30,18,21,28,8,2
Team Sports,0,0,0,0,0,0,0,0,0,0,1,0,0,0,0,0,0,0,0,0,0,0,0,0,0,0,0,0,0,1,0,0,0,0,0,0,0,0,0,0,0,0,0,0,0,0,0,0,1,3,7,3,0,1,0,0,1,4,1,4,3,1,1,8,4,4,6,5,5,4,1,3,1,5,10,4,1,0,2,1,0,4,8,3,5,6,1,5,6,7,10,10,13,12,10,11,13,11,13,9,10,10,11,4,12,1,0
Time Travel,0,0,0,0,0,0,0,0,0,0,0,0,0,0,0,0,0,0,0,0,0,0,0,0,0,0,0,0,0,0,0,0,0,0,0,0,0,0,0,0,0,0,0,0,0,0,0,0,0,0,0,0,0,0,0,0,0,0,0,0,1,0,1,0,1,1,1,0,0,1,0,1,1,2,1,2,1,0,2,0,1,1,1,3,5,3,4,3,2,3,5,3,8,1,7,4,7,2,8,7,6,14,6,8,10,1,0
Urban Fantasy,0,0,0,0,0,0,0,0,0,0,0,0,0,0,0,0,0,0,0,0,0,0,0,0,0,0,0,0,0,0,0,0,0,0,0,0,0,0,0,0,0,0,0,0,0,0,0,0,0,0,0,0,0,0,0,0,0,0,0,0,0,0,0,0,0,0,0,0,0,0,0,0,0,0,0,0,0,0,0,0,0,0,0,1,0,4,6,5,8,3,3,3,7,13,8,17,17,13,8,13,14,11,10,11,13,11,2
Vampire,0,0,0,0,0,0,0,0,0,0,0,0,0,0,0,0,0,0,0,0,0,0,0,0,0,0,0,0,0,0,0,0,0,0,0,0,0,0,0,0,0,0,0,0,1,0,0,0,0,0,0,0,0,0,0,1,0,0,0,0,1,0,2,0,0,1,0,0,2,0,1,0,0,1,1,0,2,2,1,3,6,1,0,3,3,2,5,2,10,2,4,14,7,7,2,11,8,8,10,4,5,7,7,7,10,3,0
Video Game,0,0,0,0,0,0,0,0,0,0,0,0,0,0,0,0,0,0,0,0,0,0,0,0,0,0,0,0,0,0,0,0,0,0,0,0,0,0,0,0,0,0,0,0,0,0,0,0,0,0,0,0,0,0,0,0,0,0,0,0,0,0,1,0,0,0,0,0,0,0,0,1,0,0,0,0,0,0,0,0,1,1,5,5,0,1,1,3,3,0,0,3,5,5,6,3,9,11,19,12,12,5,9,16,11,0,0
Villainess,0,0,0,0,0,0,0,0,0,0,0,0,0,0,0,0,0,0,0,0,0,0,0,0,0,0,0,0,0,0,0,0,0,0,0,0,0,0,0,0,0,0,0,0,0,0,0,0,0,0,0,0,0,0,0,0,0,0,0,0,0,0,0,0,0,0,0,0,0,0,0,0,0,0,0,0,0,0,0,0,0,0,0,0,0,0,0,0,0,0,0,0,0,0,0,0,0,0,0,0,2,3,2,6,3,3,0
Visual Arts,0,0,0,0,0,0,0,0,0,0,0,0,0,0,0,0,0,0,0,0,0,0,0,0,0,0,0,0,0,0,0,0,0,0,0,0,0,0,0,0,0,0,0,0,0,0,0,0,0,0,0,0,0,0,0,1,0,0,0,0,0,0,0,0,0,0,0,0,2,0,0,0,1,0,0,1,1,1,0,1,1,1,0,1,1,6,2,5,4,4,5,3,4,4,3,5,5,1,2,3,4,6,5,5,1,0,0
Workplace,0,0,0,0,0,0,0,0,0,0,0,0,0,0,0,0,0,0,0,0,0,0,0,0,0,0,0,0,0,0,0,0,0,0,0,0,0,0,0,0,0,0,0,0,0,0,0,0,0,0,0,0,0,0,0,0,0,0,0,0,0,0,0,0,0,0,0,0,2,1,1,0,0,0,3,2,1,0,1,6,0,2,2,2,1,0,8,1,3,1,2,3,4,5,10,8,12,12,15,15,12,19,14,18,10,7,1
